Rank,Feature,Importance,Percent of Total,Cumulative %
1,oks_t0_limping,0.23950964572314082,11.48,11.48
2,t0_disability,0.16617723714012525,7.97,19.45
3,age_band_4,0.1366889433911504,6.55,26.0
4,t0_self_care,0.12027203831005698,5.76,31.76
5,oks_t0_pain,0.09792130218145943,4.69,36.46
6,t0_anxiety,0.09210507721795823,4.41,40.87
7,oks_t0_score,0.07460225267382094,3.58,44.45
8,age_band_3,0.067725985591033,3.25,47.69
9,oks_t0_standing,0.06591346040414825,3.16,50.85
10,oks_t0_work,0.05814309421537311,2.79,53.64
11,age_band_5,0.05630049210791343,2.7,56.34
12,oks_function_subscale,0.05521655230701953,2.65,58.99
13,oks_t0_walking,0.05378098028075203,2.58,61.56
14,oks_t0_shopping,0.051719387535637505,2.48,64.04
15,circulation,0.04887047822562276,2.34,66.38
16,independent_hospital,0.046013063704892054,2.21,68.59
17,oks_t0_stairs,0.044699678513421624,2.14,70.73
18,t0_symptom_period,0.041387598476569504,1.98,72.72
19,diabetes,0.041134873961938496,1.97,74.69
20,Region_London,0.0388904748163638,1.86,76.55
21,depression,0.03504739556991526,1.68,78.23
22,year_2018/19,0.03405046352291282,1.63,79.86
23,comorbidity_count,0.0339055097390649,1.63,81.49
24,oks_t0_confidence,0.03372074118988198,1.62,83.11
25,oks_t0_transport,0.029574341765079552,1.42,84.52
26,oks_adl_subscale,0.02618526286618044,1.26,85.78
27,oks_t0_kneeling,0.02585411468183911,1.24,87.02
28,Region_South West,0.025804994014095434,1.24,88.25
29,oks_pain_subscale,0.025020008659241796,1.2,89.45
30,t0_previous_surgery,0.024945527269357268,1.2,90.65
31,t0_living_arrangements_2.0,0.024078076753421253,1.15,91.8
32,oks_t0_night_pain,0.02273717028244165,1.09,92.89
33,year_2017/18,0.018471336357447656,0.89,93.78
34,oks_t0_washing,0.01579998805072209,0.76,94.54
35,arthritis,0.013558606502183879,0.65,95.19
36,heart_disease,0.013253440804849293,0.64,95.82
37,t0_assisted,0.012668420429486526,0.61,96.43
38,high_bp,0.011444095788827813,0.55,96.98
39,lung_disease,0.01033370293783698,0.5,97.47
40,t0_mobility,0.0061846710235893025,0.3,97.77
41,t0_activity,0.005841119146683438,0.28,98.05
42,Region_Yorkshire and The Humber,0.0057277313219040666,0.27,98.32
43,t0_discomfort,0.0039279738055319115,0.19,98.51
44,Region_East of England,0.003923835043219996,0.19,98.7
45,stroke,0.0037353368973285558,0.18,98.88
46,nervous_system,0.0035395002492052616,0.17,99.05
47,cancer,0.0035224636243160537,0.17,99.22
48,Region_North East,0.002710673559253739,0.13,99.35
49,University Hospital,0.0023247950398342654,0.11,99.46
50,gender,0.002216838767819986,0.11,99.57
51,kidney_disease,0.0021721071099679535,0.1,99.67
52,Region_North West,0.0017689002978892765,0.08,99.75
53,Region_West Midlands,0.0015860201593917436,0.08,99.83
54,Region_South East,0.0014947254827560102,0.07,99.9
55,liver_disease,0.0012745148242144365,0.06,99.96
56,t0_living_arrangements_4.0,0.0007694870106262659,0.04,100.0
57,t0_assisted_by,0.0,0.0,100.0
